{
	"format_version": "1.8.0",
	"animations": {
		"animation.gord_the_fallen.idle": {
			"loop": true,
			"animation_length": 2.625,
			"bones": {
				"leftArm": {
					"rotation": [
						"2.8134 - ((math.sin(variable.attack_time * 180.0) * 57.3) * 1.2 - (math.sin((1.0 - (1.0 - variable.attack_time) * (1.0 - variable.attack_time)) * 180.0) * 57.3) * 0.4) - (math.sin(query.life_time * 76.776372) * 2.865) - this",
						"2.961 - ((math.sin(variable.attack_time * 180.0) * 57.3) * 0.6) - this",
						"-5.8969+math.cos(query.life_time * 103.13244) * -2.865 - 2.865 - this"
					]
				},
				"rightArm": {
					"rotation": [
						"98.5285+90.0 * (variable.is_brandishing_spear - 1.0) - ((math.sin(variable.attack_time * 180.0) * 57.3) * 1.2 - (math.sin((1.0 - (1.0 - variable.attack_time) * (1.0 - variable.attack_time)) * 180.0) * 57.3) * 0.4) + (math.sin(query.life_time * 76.776372) * 2.865) - this",
						"37.7551+(math.sin(variable.attack_time * 180.0) * 57.3) * 0.6 - 5.73 - this",
						"32.4612+math.cos(query.life_time * 103.13244) * 2.865 + 2.865 - this"
					]
				},
				"rightItem": {
					"position": [0, 1, 0]
				}
			}
		},
		"animation.gord_the_fallen.swing": {
			"animation_length": 1.25,
			"bones": {
				"waist": {
					"rotation": {
						"0.0": [0, 0, 0],
						"1.25": [0, 0, 0]
					}
				},
				"body": {
					"rotation": {
						"0.0": [0, 0, 0],
						"0.25": [0, 10, 0],
						"0.375": [0, 17.5, 0],
						"0.625": [0, 25, 0],
						"0.7083": [0, -12.5, 0],
						"0.8333": [0, -27.5, 0],
						"1.125": [0, -2.5, 0],
						"1.25": [0, 0, 0]
					}
				},
				"head": {
					"rotation": {
						"0.0": [0, 0, 0],
						"0.375": [-2.5, -10, 0],
						"0.625": [-2.61994, -19.99008, 0.46181],
						"0.7083": [0, 15, 0],
						"0.8333": [5.13932, 19.98047, 0.46311],
						"1.125": [11.97856, 7.76542, -2.27657],
						"1.25": [0, 0, 0]
					}
				},
				"rightArm": {
					"rotation": {
						"0.0": [0, 0, 0],
						"0.375": [-71.83416, -9.88744, -7.68615],
						"0.625": [-76.83416, -9.88744, -7.68615],
						"0.7083": [-79.55896, 4.38191, -3.04423],
						"0.8333": [-78.79566, 21.57571, 0.31528],
						"1.125": [-21.29566, 21.57571, 0.31528],
						"1.25": [0, 0, 0]
					},
					"position": {
						"0.0": [0, 0, 0],
						"0.375": [-1, 0, 3],
						"0.625": [-1, -1, 4],
						"0.7083": [0, -1, -2],
						"0.8333": [-1, -1, -3],
						"1.125": [-1, -1, 0],
						"1.25": [0, 0, 0]
					}
				},
				"leftArm": {
					"relative_to": {
						"rotation": "entity"
					},
					"rotation": {
						"0.0": [0, 0, 0.01],
						"0.375": [-44.13408, -15.87316, 1.66412],
						"0.625": [-50.0206, -21.69139, -3.3378],
						"0.7083": [-86.44835, -62.62316, 24.8187],
						"0.8333": [105.44434, -82.16108, -140.08031],
						"1.125": [0.54968, -23.3385, -22.03445],
						"1.25": [0, 0, 0.01]
					},
					"position": {
						"0.0": [0, 0, 0],
						"0.7083": [0, 0, -1],
						"1.25": [0, 0, 0]
					}
				},
				"rightLeg": {
					"rotation": {
						"0.0": [0, 0, 0],
						"0.25": [-4.88654, 2.71546, 2.49328],
						"0.5": [-14.79492, 8.70088, -4.23718],
						"0.625": [-17.30481, 3.22914, -5.38146],
						"0.7083": [-12.44609, 14.93468, 4.29388],
						"0.8333": [-17.8452, 28.37768, 4.69439],
						"1.0": [2.87443, 22.67655, 0.0639],
						"1.125": [-8.32692, 1.0967, 1.36667],
						"1.25": [0, 0, 0]
					},
					"position": {
						"0.0": [0, 0, 0],
						"0.25": [-1, 0, -1],
						"0.625": [-1.12, 0.5, -1.62],
						"0.8333": [-1.19, 0.89, -1.97],
						"1.0": [-1.25, 2, -2.25],
						"1.125": [-0.62, 0.5, -0.12],
						"1.25": [0, 0, 0]
					}
				},
				"leftLeg": {
					"rotation": {
						"0.25": [8.68762, -11.54915, -6.26619],
						"0.5": [10.77218, -26.74936, -6.00554],
						"0.625": [14.32275, -34.03384, -8.07779],
						"0.7083": [-0.72009, -51.55951, -4.93896],
						"0.8333": [-13.32573, -19.60404, -0.70667],
						"1.0": [-11.97649, -18.37688, -8.14403],
						"1.125": [-3.05929, -22.55774, -12.61673],
						"1.25": [0, 0, 0]
					},
					"position": {
						"0.0": [0, 0, 0],
						"0.25": [0, 0, 0],
						"0.8333": [0, 2, -1],
						"1.0": [0, 0.6, -1.6],
						"1.125": [0, 0.3, -1.8],
						"1.25": [0, 0, 0]
					}
				},
				"root_item": {
					"rotation": {
						"0.0": [1.20256, 12.75977, 1.48262],
						"0.375": [16.34905, 43.70728, -6.20647],
						"0.625": [47.88271, -6.70231, -6.86298],
						"0.7083": [53.84789, -8.95192, -7.63358],
						"0.8333": [59.35238, 13.076, -10.18837],
						"1.125": [21.23313, -4.41672, -1.85683],
						"1.25": [1.20256, 12.75977, 1.48262]
					},
					"position": {
						"0.0": [0, 0, 2],
						"0.375": [0, 0, 2],
						"0.625": [0, 1, 2],
						"1.25": [0, 0, 2]
					}
				}
			}
		},
		"animation.gord_the_fallen.gallop": {
			"loop": true,
			"animation_length": 2.5,
			"bones": {
				"body": {
					"rotation": [0, 0, 0]
				},
				"head": {
					"rotation": [0, 0, 0]
				},
				"hat": {
					"rotation": [0, 0, 0]
				},
				"rightArm": {
					"rotation": [
						"91.0285+90.0 * (variable.is_brandishing_spear - 1.0) - ((math.sin(variable.attack_time * 180.0) * 57.3) * 1.2 - (math.sin((1.0 - (1.0 - variable.attack_time) * (1.0 - variable.attack_time)) * 180.0) * 57.3) * 0.4) + (math.sin(query.life_time * 76.776372) * 2.865) - this",
						"37.7551+(math.sin(variable.attack_time * 180.0) * 57.3) * 0.6 - 5.73 - this",
						"32.4612+math.cos(query.life_time * 103.13244) * 2.865 + 2.865 - this"
					]
				},
				"leftArm": {
					"rotation": [
						"10.3134 - ((math.sin(variable.attack_time * 180.0) * 57.3) * 1.2 - (math.sin((1.0 - (1.0 - variable.attack_time) * (1.0 - variable.attack_time)) * 180.0) * 57.3) * 0.4) - (math.sin(query.life_time * 76.776372) * 2.865) - this",
						"2.961 - ((math.sin(variable.attack_time * 180.0) * 57.3) * 0.6) - this",
						"-5.8969+math.cos(query.life_time * 103.13244) * -2.865 - 2.865 - this"
					]
				},
				"rightLeg": {
					"rotation": {
						"0.0": [4.88599, -2.537, 0.86802],
						"0.1667": [0.60521, 0, 2.91456],
						"0.3333": [29.03994, -0.00346, -0.52144],
						"0.5": [29.87576, -0.64795, -1.15672],
						"0.6667": [18.85502, 0, 3.4095],
						"0.8333": [-8.21191, 0, 3.3865],
						"1.0": [0.60521, 0, 2.91456],
						"1.1667": [27.26943, 1.14601, 1.50269],
						"1.3333": [30.85182, 5.16686, 4.66821],
						"1.5": [18.85502, 0, 3.4095],
						"1.6667": [-8.21191, 0, 3.3865],
						"1.8333": [0.60521, 0, 2.91456],
						"2.0": [27.26943, 1.14601, 1.50269],
						"2.1667": [30.85182, 5.16686, 4.66821],
						"2.3333": [18.83834, 0.80771, 1.04349],
						"2.5": [-8.21191, 0, 3.3865]
					},
					"position": {
						"0.0": [-1, 0, 1],
						"0.1667": [-1, 0, -1],
						"0.3333": [-1, 0, 1],
						"0.5": [-1, 1.5, 0],
						"0.6667": [-1, 1, -1],
						"0.8333": [-1, 0, -2],
						"1.0": [-1, 0, -1],
						"1.1667": [-1, 0, 1],
						"1.3333": [-1, 1.5, 0],
						"1.5": [-1, 1, -1],
						"1.6667": [-1, 0, -2],
						"1.8333": [-1, 0, -1],
						"2.0": [-1, 0, 1],
						"2.1667": [-1, 1.5, 0],
						"2.3333": [-1, 1, 0],
						"2.5": [-1, 0, -1]
					}
				},
				"leftLeg": {
					"rotation": {
						"0.0": [-8.21191, 0, -2.9146],
						"0.1667": [4.88599, -2.537, -2.9146],
						"0.3333": [0.60521, 0, -2.9146],
						"0.5": [29.03994, -0.00346, -2.9146],
						"0.6667": [29.87576, -0.64795, -2.9146],
						"0.8333": [18.85502, 0, -2.9146],
						"1.0": [-8.21191, 0, -2.9146],
						"1.1667": [0.60521, 0, -2.9146],
						"1.3333": [27.26943, 1.14601, -2.9146],
						"1.5": [30.85182, 5.16686, -2.9146],
						"1.6667": [18.85502, 0, -2.9146],
						"1.8333": [-8.21191, 0, -2.9146],
						"2.0": [0.60521, 0, -2.9146],
						"2.1667": [27.26943, 1.14601, -2.9146],
						"2.3333": [30.85182, 5.16686, -2.9146],
						"2.5": [18.83834, 0.80771, -2.9146]
					},
					"position": {
						"0.0": [1, 0, -1],
						"0.1667": [1, 0, 1],
						"0.3333": [1, 0, -1],
						"0.5": [1, 0, 1],
						"0.6667": [1, 1.5, 0],
						"0.8333": [1, 1, -1],
						"1.0": [1, 0, -2],